city1,geonameid1,country1,city2,geonameid2,country2,ascii_ratio,name_ratio,name_jaro,size2,same_country
Ahaus,2959279,DE,Ahwas,144448,IR,0.8,0.8,0.8933333333333333,-3.0633617891188396,0
Ahaus,2959279,DE,Åhus,2727363,SE,0.8888888888888888,0.6666666666666667,0.7833333333333333,-7.511569704961453,0
Ahaus,2959279,DE,Athus,2803005,BE,0.8,0.8,0.88,-7.7150670496757545,0
Ahaus,2959279,DE,Ahausen,2959272,DE,0.8333333333333334,0.8333333333333334,0.9428571428571428,-9.227147490292564,0
Ahaus,2959279,DE,Ahaus,2959279,DE,1.0,1.0,1.0,-6.15618196995358,0
Amberg,2956656,DE,Kumberg,2773253,AT,0.7692307692307692,0.7692307692307692,0.8492063492063492,-9.262803941511924,0
Amberg,2956656,DE,Amberes,2803138,BE,0.7692307692307692,0.7692307692307692,0.9095238095238095,-3.526669905802919,0
Amberg,2956656,DE,Kemberg,2891718,DE,0.7692307692307692,0.7692307692307692,0.7825396825396825,-8.836098413330292,0
Amberg,2956656,DE,Arberg,2955697,DE,0.8333333333333334,0.8333333333333334,0.9,-8.988086104846857,0
Amberg,2956656,DE,Amberg,2956656,DE,1.0,1.0,1.0,-5.997303784542381,0
Ansbach,2955936,DE,Abacha,616022,GE,0.7692307692307692,0.7692307692307692,0.8642857142857143,-7.970035638402856,0
Ansbach,2955936,DE,Brensbach,2944254,DE,0.75,0.75,0.8412698412698413,-8.104531816437477,0
Ansbach,2955936,DE,Abbach,2953559,DE,0.7692307692307692,0.7692307692307692,0.8642857142857143,-7.2780945851149275,0
Ansbach,2955936,DE,Asbach,2955315,DE,0.9230769230769231,0.9230769230769231,0.9571428571428572,-7.843540352344092,0
Ansbach,2955936,DE,Ansbach,2955936,DE,1.0,1.0,1.0,-6.337403675902119,0
Aschaffenburg,2955272,DE,Offenburg,2857798,DE,0.7272727272727273,0.7272727272727273,0.8347578347578347,-5.716546928107339,0
Aschaffenburg,2955272,DE,Hachenburg,2912921,DE,0.6956521739130435,0.6956521739130435,0.827065527065527,-8.059241057257315,0
Aschaffenburg,2955272,DE,Escheburg,2929123,DE,0.7272727272727273,0.7272727272727273,0.8347578347578347,-8.703188153576502,0
Aschaffenburg,2955272,DE,Ascheberg,2955224,DE,0.7272727272727273,0.7272727272727273,0.9008547008547009,-7.07781893838059,0
Aschaffenburg,2955272,DE,Aschaffenburg,2955272,DE,1.0,1.0,1.0,-5.570534455511484,0
Banská Štiavnica,3061184,SK,Bazarianca,712710,UA,0.6153846153846154,0.5384615384615384,0.6648809523809524,-9.654892868792395,0
Banská Štiavnica,3061184,SK,Makedonska Kamenica,789629,MK,0.6285714285714286,0.5714285714285714,0.6171052631578947,-7.704412835911747,0
Banská Štiavnica,3061184,SK,Batavia,1642911,ID,0.6086956521739131,0.6086956521739131,0.6884920634920636,-0.7455964644834403,0
Banská Štiavnica,3061184,SK,Saská Kamenice,2940132,DE,0.6,0.6,0.6980820105820106,-4.287844363446626,0
Banská Štiavnica,3061184,SK,Banská Štiavnica,3061184,SK,1.0,1.0,1.0,-7.476523938048494,0
Bergneustadt,2950294,DE,Burgstädt,2941150,DE,0.7619047619047619,0.6666666666666667,0.8291666666666666,-7.274159943189707,0
Bergneustadt,2950294,DE,Bürgstadt,2941151,DE,0.7619047619047619,0.7619047619047619,0.8666666666666666,-8.329561683325617,0
Bergneustadt,2950294,DE,Burgkunstadt,2941207,DE,0.75,0.75,0.8400000000000001,-7.8533603985250675,0
Bergneustadt,2950294,DE,Bernstadt,2949950,DE,0.8571428571428572,0.8571428571428572,0.9416666666666667,-9.10248297611977,0
Bergneustadt,2950294,DE,Bergneustadt,2950294,DE,1.0,1.0,1.0,-6.774390566914714,0
Berlin,2950159,DE,Burlin,610164,KZ,0.8333333333333334,0.8333333333333334,0.9,-8.518861248516934,0
Berlin,2950159,DE,Bieliny,775996,PL,0.7692307692307692,0.7692307692307692,0.8642857142857143,-9.15574697337201,0
Berlin,2950159,DE,Bern,2661552,CH,0.8,0.8,0.9222222222222222,-4.997126944071463,0
Berlin,2950159,DE,Berikon,2661555,CH,0.7692307692307692,0.7692307692307692,0.8944444444444445,-8.28784669597742,0
Berlin,2950159,DE,Berlin,2950159,DE,1.0,1.0,1.0,-1.658874743981151,0
Białystok,776069,PL,Bastak,141104,IR,0.6666666666666667,0.6666666666666667,0.8166666666666667,-16.70588231586044,0
Białystok,776069,PL,Bilyarsk,576342,RU,0.7058823529411764,0.5882352941176471,0.8,-9.018802160077303,0
Białystok,776069,PL,Bataysk,578740,RU,0.625,0.625,0.780952380952381,-5.097983091305186,0
Białystok,776069,PL,Bilytske,712613,UA,0.7058823529411764,0.5882352941176471,0.8,-7.748500580277652,0
Białystok,776069,PL,Białystok,776069,PL,1.0,1.0,1.0,-4.121866506933743,0
Bludenz,2781680,AT,Budey,711318,UA,0.6666666666666667,0.6666666666666667,0.8114285714285714,-9.614972493780455,0
Bludenz,2781680,AT,Balud,1727792,PH,0.6666666666666667,0.6666666666666667,0.8114285714285714,-8.520810838328156,0
Bludenz,2781680,AT,Bude,2654380,GB,0.7272727272727273,0.7272727272727273,0.8714285714285714,-7.850504069819314,0
Bludenz,2781680,AT,Buckden,2654419,GB,0.7142857142857143,0.7142857142857143,0.8285714285714287,-8.813056789609321,0
Bludenz,2781680,AT,Bludenz,2781680,AT,1.0,1.0,1.0,-7.192848113812038,0
Bp.,3054643,HU,Belopa,1649267,ID,0.4444444444444444,0.4444444444444444,0.5,-16.70588231586044,0
Bp.,3054643,HU,Beppu,1864750,JP,0.5,0.5,0.6888888888888888,-4.9888411870605855,0
Bp.,3054643,HU,Bacup,2656666,GB,0.5,0.5,0.5111111111111111,-7.229492171559589,0
Bp.,3054643,HU,Belp,2661563,CH,0.5714285714285714,0.5714285714285714,0.5277777777777778,-7.567252791438256,0
Bp.,3054643,HU,B.H.,3470127,BR,0.5714285714285714,0.5714285714285714,0.75,-1.8891646754017006,0
Bräunlingen,2945051,DE,Büllingen,2800782,BE,0.8,0.7,0.6618566618566618,-8.122714135520669,0
Bräunlingen,2945051,DE,Beringen,2802170,BE,0.736842105263158,0.736842105263158,0.7676948051948053,-6.086239314715446,0
Bräunlingen,2945051,DE,Unlingen,2820088,DE,0.736842105263158,0.736842105263158,0.837121212121212,-8.876649778316846,0
Bräunlingen,2945051,DE,Tuningen,2820786,DE,0.736842105263158,0.736842105263158,0.837121212121212,-8.682657631143769,0
Bräunlingen,2945051,DE,Bräunlingen,2945051,DE,1.0,1.0,1.0,-7.9829766148596715,0
Budapest,3054643,HU,Budeşti,683434,RO,0.8,0.6666666666666667,0.8458333333333333,-8.563237129917644,0
Budapest,3054643,HU,Bukarest,683506,RO,0.75,0.75,0.8666666666666667,-2.260613892397454,0
Budapest,3054643,HU,Bude,2654380,GB,0.6666666666666667,0.6666666666666667,0.8833333333333334,-7.850504069819314,0
Budapest,3054643,HU,Budestecy,2915172,DE,0.7058823529411764,0.7058823529411764,0.8638888888888888,-8.661256036093102,0
Budapest,3054643,HU,Budapest,3054643,HU,1.0,1.0,1.0,-2.335887973334465,0
Bukarest/Rumänien,683506,AT,Burevestnik,570827,RU,0.5714285714285714,0.5714285714285714,0.7860962566844919,-8.681347444254744,0
Bukarest/Rumänien,683506,AT,Abastumani,584502,GE,0.5925925925925926,0.5185185185185186,0.6086834733893558,-9.546590411062875,0
Bukarest/Rumänien,683506,AT,Bukarest,683506,RO,0.64,0.64,0.8941176470588236,-2.260613892397454,0
Bukarest/Rumänien,683506,AT,Bartenstein,776337,PL,0.5714285714285714,0.5714285714285714,0.7376114081996434,-6.641850281766623,0
Bukarest/Rumänien,683506,AT,Breitungen,2944440,DE,0.5925925925925926,0.5925925925925926,0.6735294117647058,-8.133822223003362,0
Bydgoszcz,3102014,PL,Budogoshch’,571252,RU,0.6,0.6,0.6818181818181818,-8.445906656092163,0
Bydgoszcz,3102014,PL,Borszczów,711587,UA,0.6666666666666667,0.6666666666666667,0.7999999999999999,-7.434164664209352,0
Bydgoszcz,3102014,PL,Małogoszcz,765313,PL,0.631578947368421,0.631578947368421,0.7000000000000001,-8.439460842875885,0
Bydgoszcz,3102014,PL,Wołogoszcz,2806501,DE,0.631578947368421,0.631578947368421,0.7000000000000001,-7.259284753424663,0
Bydgoszcz,3102014,PL,Bydgoszcz,3102014,PL,1.0,1.0,1.0,-3.894256763884202,0
Bytom,3101950,PL,Bytosj,570158,RU,0.7272727272727273,0.7272727272727273,0.8933333333333334,-8.310630795249443,0
Bytom,3101950,PL,Bötom,654075,FI,0.8,0.8,0.88,-9.31446708118508,0
Bytom,3101950,PL,Bato,1726182,PH,0.6666666666666667,0.6666666666666667,0.8049999999999999,-8.772085441045027,0
Bytom,3101950,PL,Bytów,3101943,PL,0.8,0.6,0.8133333333333334,-6.981222430864009,0
Bytom,3101950,PL,Bytom,3101950,PL,1.0,1.0,1.0,-4.555391092980597,0
Börnsdorf,2946064,DE,Gornsdorf,2918951,DE,0.8888888888888888,0.7777777777777778,0.8518518518518517,-8.97966966535291,0
Börnsdorf,2946064,DE,Borsdorf,2946016,DE,0.9411764705882353,0.8235294117647058,0.8958333333333333,-7.659238036555045,0
Börnsdorf,2946064,DE,Bondorf,2946485,DE,0.875,0.75,0.7571428571428571,-8.0522370013087,0
Börnsdorf,2946064,DE,Bohnsdorf,2946887,DE,0.8888888888888888,0.7777777777777778,0.8666666666666666,-7.324955643308722,0
Börnsdorf,2946064,DE,Braunsdorf,3078547,CZ,0.8421052631578947,0.8421052631578947,0.9066666666666667,-9.41627179440927,0
Crimmitschau,2939747,DE,Krytschau,626450,BY,0.6666666666666667,0.6666666666666667,0.7870370370370371,-6.477344654403791,0
Crimmitschau,2939747,DE,Trimmis,2658311,CH,0.631578947368421,0.631578947368421,0.7857142857142857,-8.757143861046828,0
Crimmitschau,2939747,DE,Litschau,2772385,AT,0.7,0.7,0.8194444444444445,-9.446062705497253,0
Crimmitschau,2939747,DE,Dommitzsch,2936280,DE,0.6363636363636364,0.6363636363636364,0.7134920634920635,-8.646289986972894,0
Crimmitschau,2939747,DE,Crimmitschau,2939747,DE,1.0,1.0,1.0,-6.687148275319924,0
Debrecen,721472,HU,Dere,317075,TR,0.6666666666666667,0.6666666666666667,0.8666666666666667,-16.70588231586044,0
Debrecen,721472,HU,Derbent,566532,RU,0.6666666666666667,0.6666666666666667,0.8507936507936509,-5.135008748936013,0
Debrecen,721472,HU,Perecseny,697750,UA,0.7058823529411764,0.7058823529411764,0.8055555555555555,-7.898410426145155,0
Debrecen,721472,HU,Derecske,721428,HU,0.75,0.75,0.8666666666666667,-7.57805436545872,0
Debrecen,721472,HU,Debrecen,721472,HU,1.0,1.0,1.0,-4.4878662774404505,0
Dresden,2935022,DE,Dresna,565007,RU,0.7692307692307692,0.7692307692307692,0.9095238095238095,-7.365654683049834,0
Dresden,2935022,DE,Harlesden,2647468,GB,0.75,0.75,0.8412698412698413,-6.9553711329238,0
Dresden,2935022,DE,Vreden,2815824,DE,0.7692307692307692,0.7692307692307692,0.8492063492063492,-6.688485889216528,0
Dresden,2935022,DE,Freden,2925234,DE,0.7692307692307692,0.7692307692307692,0.8492063492063492,-8.565858363397519,0
Dresden,2935022,DE,Dresden,2935022,DE,1.0,1.0,1.0,-3.4769487547417937,0
Dédes,721453,HU,Dese,339219,ET,0.6666666666666667,0.6666666666666667,0.6333333333333333,-4.1982209944914795,0
Dédes,721453,HU,Dédovsk,566854,RU,0.6666666666666667,0.6666666666666667,0.8533333333333333,-6.502216099543247,0
Dédes,721453,HU,Dés,679550,RO,0.75,0.75,0.6888888888888888,-6.159646540348217,0
Dédes,721453,HU,Dade,679564,RO,0.6666666666666667,0.6666666666666667,0.8049999999999999,-8.347919350014758,0
Dédes,721453,HU,Deesa,1272513,IN,0.8,0.6,0.76,-5.273895793395562,0
Elte,2930667,DE,Elat,295277,IL,0.75,0.75,0.8666666666666667,-5.841130665807424,0
Elte,2930667,DE,Elec,467978,RU,0.75,0.75,0.8666666666666667,-5.047221480664299,0
Elte,2930667,DE,Elek,721189,HU,0.75,0.75,0.8666666666666667,-8.099579949372426,0
Elte,2930667,DE,Enle,1811722,CN,0.75,0.75,0.8500000000000001,-16.70588231586044,0
Elte,2930667,DE,Elze,2930622,DE,0.75,0.75,0.8666666666666667,-8.731693646574428,0
Essen,2928809,DE,Assen,2759633,NL,0.8,0.8,0.8666666666666667,-5.667161291200555,0
Essen,2928809,DE,Elsene,2795011,BE,0.7272727272727273,0.7272727272727273,0.8400000000000001,-5.335996157962759,0
Essen,2928809,DE,Evessen,2928315,DE,0.8333333333333334,0.8333333333333334,0.8542857142857143,-9.445359717770586,0
Essen,2928809,DE,Essingen,2928761,DE,0.7692307692307692,0.7692307692307692,0.8658333333333332,-7.944332176730794,0
Essen,2928809,DE,Essen,2928809,DE,1.0,1.0,1.0,-7.69570165880809,0
Finowfurt,2926708,DE,Steinfurt,2828105,DE,0.6666666666666667,0.6666666666666667,0.7777777777777777,-6.254215553016971,0
Finowfurt,2926708,DE,Frankfurt,2925533,DE,0.6666666666666667,0.6666666666666667,0.7999999999999999,-3.321153135528264,0
Finowfurt,2926708,DE,Frankfurt,2925535,DE,0.6666666666666667,0.6666666666666667,0.7999999999999999,-5.754795106678732,0
Finowfurt,2926708,DE,Baienfurt,2953222,DE,0.6666666666666667,0.6666666666666667,0.7777777777777777,-7.8043795584088285,0
Finowfurt,2926708,DE,Liancourt,2998532,FR,0.6666666666666667,0.6666666666666667,0.7777777777777777,-7.887252086760085,0
Freiberg,2925192,DE,Freiburg,2660718,CH,0.875,0.875,0.95,-6.306845227110837,0
Freiberg,2925192,DE,Friedberg,2924802,DE,0.8235294117647058,0.8235294117647058,0.937037037037037,-6.484486635565678,0
Freiberg,2925192,DE,Friedberg,2924803,DE,0.8235294117647058,0.8235294117647058,0.937037037037037,-6.399700156178814,0
Freiberg,2925192,DE,Freiburg,2925177,DE,0.875,0.875,0.95,-4.423001418643628,0
Freiberg,2925192,DE,Freiberg,2925192,DE,1.0,1.0,1.0,-6.021442770627668,0
Garrel,2922511,DE,Giarre,2524618,IT,0.8333333333333334,0.8333333333333334,0.9,-6.614298247087668,0
Garrel,2922511,DE,Varrel,2817841,DE,0.8333333333333334,0.8333333333333334,0.888888888888889,-9.48404649057199,0
Garrel,2922511,DE,Varel,2817873,DE,0.7272727272727273,0.7272727272727273,0.8222222222222223,-6.570767302361791,0
Garrel,2922511,DE,Irrel,2895771,DE,0.7272727272727273,0.7272727272727273,0.8222222222222223,-9.516714577440116,0
Garrel,2922511,DE,Garrel,2922511,DE,1.0,1.0,1.0,-7.290643832911396,0
Gdańsk 1957.03.15.,3099434,PL,Grazhdanskoye,559020,RU,0.3870967741935484,0.32258064516129037,0.4874643874643875,-8.667370294883625,0
Gdańsk 1957.03.15.,3099434,PL,Gljadjanskoje,1506499,RU,0.3870967741935484,0.32258064516129037,0.4874643874643875,-8.354035577032194,0
Gdańsk 1957.03.15.,3099434,PL,Hagen a.T.W.,2912618,DE,0.4,0.33333333333333337,0.5648148148148148,-7.201902650958348,0
Gdańsk 1957.03.15.,3099434,PL,Ruda O.S.,3086800,PL,0.37037037037037035,0.37037037037037035,0.6111111111111112,-4.813219891354778,0
Gdańsk 1957.03.15.,3099434,PL,Gdańsk,3099434,PL,0.5,0.5,0.8666666666666666,-3.6628522311572964,0
Gdynia,3099424,PL,Goradnia,627904,BY,0.7142857142857143,0.7142857142857143,0.6861111111111112,-3.8750805265064288,0
Gdynia,3099424,PL,Gadani,1179185,PK,0.6666666666666667,0.6666666666666667,0.8400000000000001,-7.200784957760513,0
Gdynia,3099424,PL,Gandia,2517367,ES,0.6666666666666667,0.6666666666666667,0.8400000000000001,-5.415837936651517,0
Gdynia,3099424,PL,Gozdnica,3098583,PL,0.7142857142857143,0.7142857142857143,0.8375000000000001,-8.574645766164323,0
Gdynia,3099424,PL,Gdynia,3099424,PL,1.0,1.0,1.0,-4.296991282810655,0
Graz,2778067,AT,Gazi,262067,GR,0.75,0.75,0.8500000000000001,-7.2638748216291695,0
Graz,2778067,AT,Gaza,281133,PS,0.75,0.75,0.8500000000000001,-3.7819674381585324,0
Graz,2778067,AT,Girga,355026,EG,0.6666666666666667,0.6666666666666667,0.6333333333333333,-4.779146660046547,0
Graz,2778067,AT,Gryazi,558312,RU,0.8,0.8,0.9111111111111111,-5.939209493137261,0
Graz,2778067,AT,Graz,2778067,AT,1.0,1.0,1.0,-4.109712039353222,0
Gyöngyös,3052040,HU,Gongyi,1789897,CN,0.7142857142857143,0.5714285714285714,0.6388888888888888,-5.772168387522666,0
Gyöngyös,3052040,HU,Gyeongsan,1841598,KR,0.7058823529411764,0.5882352941176471,0.7814814814814814,-4.931331320758211,0
Gyöngyös,3052040,HU,Guryongpo,1841962,KR,0.7058823529411764,0.47058823529411764,0.6481481481481481,-16.70588231586044,0
Gyöngyös,3052040,HU,Gyönk,3052013,HU,0.6153846153846154,0.6153846153846154,0.86,-9.033124419217929,0
Gyöngyös,3052040,HU,Gyöngyös,3052040,HU,1.0,1.0,1.0,-6.303469670816708,0
Halstenbek,2911408,DE,Hasbek,312441,TR,0.75,0.75,0.848888888888889,-16.70588231586044,0
Halstenbek,2911408,DE,Hadsten,2620956,DK,0.7058823529411764,0.7058823529411764,0.8552380952380954,-7.68730795950621,0
Halstenbek,2911408,DE,Rastenberg,2850248,DE,0.7,0.7,0.7999999999999999,-8.735833010884305,0
Halstenbek,2911408,DE,Haltern,2911395,DE,0.7058823529411764,0.7058823529411764,0.8733333333333334,-6.164601742896443,0
Halstenbek,2911408,DE,Halstenbek,2911408,DE,1.0,1.0,1.0,-7.0123136473103695,0
Hamburg,2911298,DE,Ḩabūr,407096,YE,0.8333333333333334,0.5,0.6761904761904761,-16.70588231586044,0
Hamburg,2911298,DE,Dünaburg,460413,LV,0.6666666666666667,0.6666666666666667,0.7797619047619048,-5.083519656191835,0
Hamburg,2911298,DE,Samur,498904,RU,0.6666666666666667,0.6666666666666667,0.7904761904761904,-8.48145074263928,0
Hamburg,2911298,DE,Samur,585150,AZ,0.6666666666666667,0.6666666666666667,0.7904761904761904,-9.232245207364233,0
Hamburg,2911298,DE,Hamburg,696114,UA,1.0,1.0,1.0,-9.724876575138708,0
Heidelberg,2907911,DE,Niderberg,508362,RU,0.736842105263158,0.736842105263158,0.7306878306878307,-7.7592471069545885,0
Heidelberg,2907911,DE,Haselberg,541947,RU,0.736842105263158,0.736842105263158,0.8004761904761906,-8.48306018504678,0
Heidelberg,2907911,DE,Heilsberg,766307,PL,0.8421052631578947,0.8421052631578947,0.8982407407407408,-6.992284889618218,0
Heidelberg,2907911,DE,Hardenberg,774116,PL,0.7,0.7,0.7342857142857143,-8.924326356625098,0
Heidelberg,2907911,DE,Heidelberg,997151,ZA,1.0,1.0,1.0,-5.636123826182386,0
Isingdorf,2895651,DE,Pinsdorf,2768804,AT,0.7058823529411764,0.7058823529411764,0.8366402116402116,-9.582209530655831,0
Isingdorf,2895651,DE,Zirndorf,2804034,DE,0.7058823529411764,0.7058823529411764,0.8055555555555555,-6.550275103773584,0
Isingdorf,2895651,DE,Niendorf,2862606,DE,0.7058823529411764,0.7058823529411764,0.8055555555555555,-6.086825839329635,0
Isingdorf,2895651,DE,Lengdorf,2878881,DE,0.7058823529411764,0.7058823529411764,0.8055555555555555,-8.823944826588368,0
Isingdorf,2895651,DE,Weindorf,3046354,HU,0.7058823529411764,0.7058823529411764,0.8055555555555555,-8.640931424111296,0
Jarocin,770383,PL,Jadrin,469809,RU,0.7692307692307692,0.7692307692307692,0.8793650793650793,-7.424524456648975,0
Jarocin,770383,PL,Jvari,614740,GE,0.6666666666666667,0.6666666666666667,0.8114285714285714,-8.238509819428158,0
Jarocin,770383,PL,Karolin,619598,BY,0.7142857142857143,0.7142857142857143,0.8095238095238096,-16.70588231586044,0
Jarocin,770383,PL,Starobin,621462,BY,0.6666666666666667,0.6666666666666667,0.7797619047619048,-8.006200914870925,0
Jarocin,770383,PL,Jarocin,770383,PL,1.0,1.0,1.0,-9.534993837347933,0
Katowice,3096472,PL,Katovice,3073754,CZ,0.875,0.875,0.95,-9.506203970169267,0
Katowice,3096472,PL,Wadowice,3082722,PL,0.75,0.75,0.8333333333333334,-6.841187568043466,0
Katowice,3096472,PL,Krzanowice,3094549,PL,0.7777777777777778,0.7777777777777778,0.8725,-9.03265919473873,0
Katowice,3096472,PL,Krapkowice,3094788,PL,0.7777777777777778,0.7777777777777778,0.8725,-6.892538313177277,0
Katowice,3096472,PL,Katowice,3096472,PL,1.0,1.0,1.0,-4.038225762667937,0
Kecskemét,3050434,HU,Derecske,721428,HU,0.5882352941176471,0.5882352941176471,0.5935185185185184,-7.57805436545872,0
Kecskemét,3050434,HU,Beshkent,1217703,UZ,0.5882352941176471,0.5882352941176471,0.7268518518518517,-6.8589122061594825,0
Kecskemét,3050434,HU,Beshkent,1538310,KG,0.5882352941176471,0.5882352941176471,0.7268518518518517,-16.70588231586044,0
Kecskemét,3050434,HU,Neckenmarkt,2770897,AT,0.6,0.6,0.7373737373737373,-9.373513109931377,0
Kecskemét,3050434,HU,Kecskemét,3050434,HU,1.0,1.0,1.0,-5.099029444858851,0
Knittelfeld,2773887,AT,Michaelsfeld,563618,RU,0.6086956521739131,0.6086956521739131,0.73989898989899,-8.392030048462232,0
Knittelfeld,2773887,AT,Kitee,652615,FI,0.625,0.625,0.8363636363636364,-7.517992072721848,0
Knittelfeld,2773887,AT,Spitalfields,2637221,GB,0.6086956521739131,0.6086956521739131,0.6922799422799423,-7.467246074729409,0
Knittelfeld,2773887,AT,Spielberg bei Knittelfeld,2764812,AT,0.6111111111111112,0.6111111111111112,0.5515151515151515,-8.35616147838795,0
Knittelfeld,2773887,AT,Knittelfeld,2773887,AT,1.0,1.0,1.0,-7.35386878556811,0
Koblenz,2886946,DE,Kobleve,705540,UA,0.7142857142857143,0.7142857142857143,0.8857142857142858,-8.928508713202577,0
Koblenz,2886946,DE,Kolwezi,922773,CD,0.7142857142857143,0.7142857142857143,0.8476190476190477,-3.12577895120571,0
Koblenz,2886946,DE,Kobe,1859171,JP,0.7272727272727273,0.7272727272727273,0.9,-2.4702223274539876,0
Koblenz,2886946,DE,Solenzo,2355404,BF,0.7142857142857143,0.7142857142857143,0.8095238095238096,-6.587928753203789,0
Koblenz,2886946,DE,Koblenz,2660123,CH,1.0,1.0,1.0,-9.296140361779516,0
Koellerbach,2886354,DE,Kollumersweach,2752520,NL,0.72,0.72,0.8462337662337662,-8.766367055198032,0
Koellerbach,2886354,DE,Korbach,2885536,DE,0.7777777777777778,0.7777777777777778,0.9030303030303031,-6.600188883224981,0
Koellerbach,2886354,DE,Kelsterbach,2891742,DE,0.8181818181818181,0.8181818181818181,0.890909090909091,-7.170780873191054,0
Koellerbach,2886354,DE,Fellbach,2927268,DE,0.736842105263158,0.736842105263158,0.837121212121212,-6.015393007292741,0
Koellerbach,2886354,DE,Keller,3004813,FR,0.7058823529411764,0.7058823529411764,0.8636363636363636,-8.518026872164814,0
Konstanz,2885679,DE,Konstanza,680963,RO,0.9411764705882353,0.9411764705882353,0.9777777777777777,-4.0366009492741854,0
Konstanz,2885679,DE,Kostanai,1519928,KZ,0.75,0.75,0.7777777777777778,-4.451014744267409,0
Konstanz,2885679,DE,Kongtan,1804730,CN,0.8,0.8,0.9083333333333333,-5.94530217117612,0
Konstanz,2885679,DE,Kosan,1875632,KP,0.7692307692307692,0.7692307692307692,0.8466666666666666,-6.586356394140148,0
Konstanz,2885679,DE,Konstanz,2885679,DE,1.0,1.0,1.0,-5.400276266857535,0
Kopenhagen,2618425,DE,Koengoer,539147,RU,0.6666666666666667,0.6666666666666667,0.8266666666666667,-5.602580594147233,0
Kopenhagen,2618425,DE,Uitenhage,946877,ZA,0.631578947368421,0.631578947368421,0.7555555555555555,-4.124621655706378,0
Kopenhagen,2618425,DE,Kopargaon,1266162,IN,0.631578947368421,0.631578947368421,0.79,-5.621941385041286,0
Kopenhagen,2618425,DE,Kegen,1522818,KZ,0.6666666666666667,0.6666666666666667,0.6333333333333333,-7.496142123956289,0
Kopenhagen,2618425,DE,Kopenhagen,2618425,DK,1.0,1.0,1.0,-2.7474704008182793,0
Kraków,3094802,PL,Maków,702302,UA,0.7272727272727273,0.7272727272727273,0.8222222222222223,-8.074824868295154,0
Kraków,3094802,PL,Raków,760657,PL,0.7272727272727273,0.7272727272727273,0.8222222222222223,-9.636858889282179,0
Kraków,3094802,PL,Kurów,766980,PL,0.7272727272727273,0.7272727272727273,0.8400000000000001,-8.766723497903643,0
Kraków,3094802,PL,Korsakow,2124286,RU,0.8571428571428572,0.7142857142857143,0.8375000000000001,-6.240153852612164,0
Kraków,3094802,PL,Kraków,3094802,PL,1.0,1.0,1.0,-3.171341740241779,0
Kráľová pri Senci,12057018,SK,Královice,3072941,CZ,0.6153846153846154,0.5384615384615384,0.8108932461873639,-8.537679385624386,0
Kráľová pri Senci,12057018,SK,Providencia,3875139,CL,0.5714285714285714,0.5714285714285714,0.7326203208556149,-16.70588231586044,0
Kráľová pri Senci,12057018,SK,Providencia,3991622,MX,0.5714285714285714,0.5714285714285714,0.7326203208556149,-8.2054284484485,0
Kráľová pri Senci,12057018,SK,Providencia,4024013,MX,0.5714285714285714,0.5714285714285714,0.7326203208556149,-9.637710315472397,0
Kráľová pri Senci,12057018,SK,Providencia,8754520,MX,0.5714285714285714,0.5714285714285714,0.7326203208556149,-8.29360529439376,0
Köln,2886242,DE,Koslan,544084,RU,0.8,0.6,0.775,-8.862818299168385,0
Köln,2886242,DE,Kolpny,546092,RU,0.8,0.6,0.775,-7.84057068318859,0
Köln,2886242,DE,Klin,547523,RU,0.75,0.75,0.8500000000000001,-5.406410006121466,0
Köln,2886242,DE,Kolno,768785,PL,0.8888888888888888,0.6666666666666667,0.8049999999999999,-7.4316286181406035,0
Köln,2886242,DE,Köln,2886242,DE,1.0,1.0,1.0,-2.9276624946526026,0
Landeck,7873673,AT,Landeh,125726,IR,0.7692307692307692,0.7692307692307692,0.9095238095238095,-16.70588231586044,0
Landeck,7873673,AT,Lanrodec,3007552,FR,0.8,0.8,0.9083333333333333,-9.672375831572742,0
Landeck,7873673,AT,Landudec,3007806,FR,0.8,0.8,0.9214285714285715,-9.607506677269653,0
Landeck,7873673,AT,Landres,3007825,FR,0.7142857142857143,0.7142857142857143,0.8857142857142858,-9.77636554509679,0
Landeck,7873673,AT,Lander,5830007,US,0.7692307692307692,0.7692307692307692,0.9095238095238095,-7.758596446511307,0
Legnica,3093692,PL,Lenina,536219,RU,0.7692307692307692,0.7692307692307692,0.8793650793650793,-8.137996010128683,0
Legnica,3093692,PL,Leni,2524413,IT,0.7272727272727273,0.7272727272727273,0.8857142857142857,-10.594414976357761,0
Legnica,3093692,PL,Senica,3057691,SK,0.7692307692307692,0.7692307692307692,0.8492063492063492,-6.718881163096493,0
Legnica,3093692,PL,Łęknica,3093649,PL,0.8571428571428572,0.5714285714285714,0.7142857142857143,-8.855778770684857,0
Legnica,3093692,PL,Legnica,3093692,PL,1.0,1.0,1.0,-5.13436723948005,0
Liebenstein/Eger,3071993,DE,Wiesensteig,2809214,DE,0.6666666666666667,0.6666666666666667,0.7565235690235691,-9.009669676514031,0
Liebenstein/Eger,3071993,DE,Niedenstein,2863685,DE,0.6666666666666667,0.6666666666666667,0.7935606060606061,-8.0571346847039,0
Liebenstein/Eger,3071993,DE,Leibertingen,2879335,DE,0.6428571428571428,0.6428571428571428,0.7721590909090909,-8.96174568823245,0
Liebenstein/Eger,3071993,DE,Grebenstein,2917848,DE,0.6666666666666667,0.6666666666666667,0.7935606060606061,-7.967307123749652,0
Liebenstein/Eger,3071993,DE,Bad Liebenstein,2953409,DE,0.7096774193548387,0.7096774193548387,0.8069444444444445,-8.38836031957327,0
Liptovský Mikuláš,3059050,SK,Agios Nikolaos,263805,GR,0.5806451612903225,0.4516129032258065,0.5896358543417367,-8.56644179398583,0
Liptovský Mikuláš,3059050,SK,Agios Nikolaos,263824,GR,0.5806451612903225,0.4516129032258065,0.5896358543417367,-7.362585716635631,0
Liptovský Mikuláš,3059050,SK,Agios Nikolaos,736598,GR,0.5806451612903225,0.4516129032258065,0.5896358543417367,-9.258713956260399,0
Liptovský Mikuláš,3059050,SK,Lipovtsy,2020752,RU,0.56,0.48,0.8002450980392157,-7.913788386357154,0
Liptovský Mikuláš,3059050,SK,Liptovský Mikuláš,3059050,SK,1.0,1.0,1.0,-6.357869211315552,0
Lonsee,2875978,DE,Lorne,2159545,AU,0.7272727272727273,0.7272727272727273,0.8577777777777779,-9.618308610302465,0
Lonsee,2875978,DE,Mondsee,2771277,AT,0.7692307692307692,0.7692307692307692,0.8492063492063492,-8.480379218293521,0
Lonsee,2875978,DE,Ronse,2787769,BE,0.7272727272727273,0.7272727272727273,0.8222222222222223,-6.611567813486644,0
Lonsee,2875978,DE,Wonsees,2806232,DE,0.7692307692307692,0.7692307692307692,0.8492063492063492,-9.599276178133136,0
Lonsee,2875978,DE,Lonsee,2875978,DE,1.0,1.0,1.0,-8.237879368634973,0
Lubliniec,3092906,PL,Łubnie,702723,UA,0.8,0.6666666666666667,0.7296296296296297,-6.000482867972977,0
Lubliniec,3092906,PL,Lublin,765876,PL,0.8,0.8,0.9333333333333333,-3.911898013239995,0
Lubliniec,3092906,PL,Lubraniec,3092818,PL,0.7777777777777778,0.7777777777777778,0.8629629629629629,-8.59066034329811,0
Lubliniec,3092906,PL,Lubniewice,3092894,PL,0.736842105263158,0.736842105263158,0.8690740740740741,-9.143201069138554,0
Lubliniec,3092906,PL,Lubliniec,3092906,PL,1.0,1.0,1.0,-6.629071906994057,0
Miskolc,717582,HU,Mishkino,526247,RU,0.6666666666666667,0.6666666666666667,0.8458333333333333,-8.038718597867906,0
Miskolc,717582,HU,Mirskoj,526296,RU,0.7142857142857143,0.7142857142857143,0.8476190476190477,-8.668016081150821,0
Miskolc,717582,HU,Minsk,625144,BY,0.6666666666666667,0.6666666666666667,0.8323809523809523,-2.335266125438628,0
Miskolc,717582,HU,Masko,646486,FI,0.6666666666666667,0.6666666666666667,0.8114285714285714,-8.010542939060727,0
Miskolc,717582,HU,Miskolc,717582,HU,1.0,1.0,1.0,-4.757790555855675,0
Mühldorf/Inn,2868506,DE,Münchendorf,2771042,AT,0.6086956521739131,0.6086956521739131,0.7717171717171717,-8.70185080800774,0
Mühldorf/Inn,2868506,DE,Müllendorf,2771049,AT,0.6363636363636364,0.6363636363636364,0.7911111111111111,-9.463084393066683,0
Mühldorf/Inn,2868506,DE,Mühldorf,2868506,DE,0.8,0.8,0.9333333333333333,-6.92892216979607,0
Mühldorf/Inn,2868506,DE,Meldorf,2872100,DE,0.631578947368421,0.631578947368421,0.8071428571428572,-7.754312672841617,0
Mühldorf/Inn,2868506,DE,Müllendorf,2960250,LU,0.6363636363636364,0.6363636363636364,0.7911111111111111,-9.773434424287931,0
München,2867714,DE,Mucheng,1800341,CN,0.8571428571428572,0.7142857142857143,0.8285714285714287,-16.70588231586044,0
München,2867714,DE,Mancheng,1801312,CN,0.8,0.8,0.8821428571428571,-16.70588231586044,0
München,2867714,DE,Münchwilen,2659550,CH,0.8235294117647058,0.8235294117647058,0.9400000000000001,-8.269248632302618,0
München,2867714,DE,Münchendorf,2771042,AT,0.7777777777777778,0.7777777777777778,0.9272727272727272,-8.70185080800774,0
München,2867714,DE,München,2867714,DE,1.0,1.0,1.0,-2.6589489742066936,0
Neukirch,2864771,DE,Neunkirch,2659478,CH,0.9411764705882353,0.9411764705882353,0.9740740740740741,-9.149977222249092,0
Neukirch,2864771,DE,Neuenkirch,2659489,CH,0.8888888888888888,0.8888888888888888,0.9533333333333333,-8.01238563997581,0
Neukirch,2864771,DE,Neukirchen,2864728,DE,0.8888888888888888,0.8888888888888888,0.96,-8.39399275763008,0
Neukirch,2864771,DE,Neukirchen,2864761,DE,0.8888888888888888,0.8888888888888888,0.96,-9.208675092657122,0
Neukirch,2864771,DE,Neukirch,2864771,DE,1.0,1.0,1.0,-8.081091113846183,0
New York,5128581,SK,New Norfolk,2155415,AU,0.736842105263158,0.736842105263158,0.9022727272727272,-8.11785794368361,0
New York,5128581,SK,West New York,5106292,US,0.7619047619047619,0.7619047619047619,0.7884615384615384,-5.820934459467059,0
New York,5128581,SK,East New York,5115985,US,0.7619047619047619,0.7619047619047619,0.7884615384615384,-4.64368581443869,0
New York,5128581,SK,New Dorp,5128490,US,0.75,0.75,0.9,-7.816573996017591,0
New York,5128581,SK,New York,5128581,US,1.0,1.0,1.0,-0.7151438997830413,0
Nonnweiler-Schwarzenbach,2862174,DE,Schwarzenbach,2765472,AT,0.7027027027027026,0.7027027027027026,0.7446581196581196,-9.857877041284075,0
Nonnweiler-Schwarzenbach,2862174,DE,Oberschwarzach,2859077,DE,0.5789473684210527,0.5789473684210527,0.6874098124098125,-9.443253714886197,0
Nonnweiler-Schwarzenbach,2862174,DE,Nonnweiler,2862174,DE,0.5882352941176471,0.5882352941176471,0.8833333333333334,-7.555504285056939,0
Nonnweiler-Schwarzenbach,2862174,DE,Kirchehrenbach,2890592,DE,0.5789473684210527,0.5789473684210527,0.6468253968253969,-8.96304636042969,0
Nonnweiler-Schwarzenbach,2862174,DE,Schwerzenbach,6295514,CH,0.6486486486486487,0.6486486486486487,0.719017094017094,-8.367576584503874,0
Nowa Sarzyna,763765,PL,Nowa Zagora,728742,BG,0.6956521739130435,0.6956521739130435,0.8787878787878788,-6.635779236351974,0
Nowa Sarzyna,763765,PL,Nea Santa,734987,GR,0.6666666666666667,0.6666666666666667,0.8083333333333333,-9.271034440648439,0
Nowa Sarzyna,763765,PL,Nea Karya,735015,GR,0.6666666666666667,0.6666666666666667,0.8083333333333333,-9.442552698383603,0
Nowa Sarzyna,763765,PL,Nowy Korczyn,763545,PL,0.6666666666666667,0.6666666666666667,0.8444444444444443,-9.7656598467408,0
Nowa Sarzyna,763765,PL,Nowa Sarzyna,763765,PL,1.0,1.0,1.0,-7.964586033635292,0
Nowa Sól,3090764,PL,Noua Suliță,699174,UA,0.631578947368421,0.631578947368421,0.8121212121212121,-8.873471388672519,0
Nowa Sól,3090764,PL,Noua Suliță,699285,UA,0.631578947368421,0.631578947368421,0.8121212121212121,-7.771427206456526,0
Nowa Sól,3090764,PL,Néo Soúli,734943,GR,0.7058823529411764,0.5882352941176471,0.7541666666666665,-8.922658299524402,0
Nowa Sól,3090764,PL,Na Solláin,2961607,IE,0.6666666666666667,0.5555555555555556,0.6722222222222222,-8.133443650218222,0
Nowa Sól,3090764,PL,Nowa Sól,3090764,PL,1.0,1.0,1.0,-6.100411734101966,0
Ober-Danegg,2770297,AT,Oberegg,2659397,CH,0.7777777777777778,0.7777777777777778,0.9272727272727272,-9.194904563846343,0
Ober-Danegg,2770297,AT,Pernegg,2769077,AT,0.6666666666666667,0.6666666666666667,0.8008658008658008,-10.144851649963867,0
Ober-Danegg,2770297,AT,Oberhaag,2770086,AT,0.631578947368421,0.631578947368421,0.8590909090909091,-10.130806475260819,0
Ober-Danegg,2770297,AT,Oberhaching,2860525,DE,0.6363636363636364,0.6363636363636364,0.8545454545454545,-7.2747210879396915,0
Ober-Danegg,2770297,AT,Oberding,2861096,DE,0.631578947368421,0.631578947368421,0.8590909090909091,-8.168494417158682,0
Offenbach/Main,2857807,DE,Opfenbach,2857205,DE,0.6956521739130435,0.6956521739130435,0.8380952380952381,-8.982319843582468,0
Offenbach/Main,2857807,DE,Offenbach am Main,2857807,DE,0.8387096774193549,0.8387096774193549,0.9232708468002586,-5.0173830088036375,0
Offenbach/Main,2857807,DE,Erlenbach am Main,2929484,DE,0.6451612903225806,0.6451612903225806,0.7341736694677872,-7.472216118580759,0
Offenbach/Main,2857807,DE,Epfenbach,2929872,DE,0.6086956521739131,0.6086956521739131,0.7592592592592592,-8.880637024428664,0
Offenbach/Main,2857807,DE,Offenbach-Hundheim,3207535,DE,0.625,0.625,0.8611832611832613,-9.527336832096738,0
Osterode/Harz,2856405,DE,Oosterwolde,2749391,NL,0.6666666666666667,0.6666666666666667,0.6975524475524475,-7.573936011312268,0
Osterode/Harz,2856405,DE,Osterode am Harz,2856405,DE,0.8275862068965517,0.8275862068965517,0.917948717948718,-16.70588231586044,0
Osterode/Harz,2856405,DE,Osterhofen,2856530,DE,0.6086956521739131,0.6086956521739131,0.8476923076923077,-7.3240285858069045,0
Osterode/Harz,2856405,DE,Gernrode am Harz,2920999,DE,0.6206896551724138,0.6206896551724138,0.67752849002849,-8.424917915307066,0
Osterode/Harz,2856405,DE,Osterode,3089779,PL,0.7619047619047619,0.7619047619047619,0.9230769230769231,-6.28583560771056,0
Owinska,3089597,PL,Olginskaja,515583,RU,0.7058823529411764,0.7058823529411764,0.8371428571428572,-8.307022311406065,0
Owinska,3089597,PL,Olginka,515612,RU,0.7142857142857143,0.7142857142857143,0.8285714285714287,-9.209784970684483,0
Owinska,3089597,PL,Obninsk,516436,RU,0.7142857142857143,0.7142857142857143,0.7685714285714286,-5.121632033836397,0
Owinska,3089597,PL,Oesinsk,863061,RU,0.7142857142857143,0.7142857142857143,0.7685714285714286,-6.0121435583163825,0
Owinska,3089597,PL,Oska,3120514,ES,0.7272727272727273,0.7272727272727273,0.46428571428571425,-5.845730137311882,0
Poznań,3088171,PL,Pozantı,302482,TR,0.7692307692307692,0.6153846153846154,0.8477777777777777,-7.445038961711149,0
Poznań,3088171,PL,Polazna,507318,RU,0.7692307692307692,0.7692307692307692,0.826031746031746,-7.235179682087439,0
Poznań,3088171,PL,Policzna,761607,PL,0.7142857142857143,0.7142857142857143,0.8555555555555556,-9.391995484226976,0
Poznań,3088171,PL,Poona,1259229,IN,0.7272727272727273,0.7272727272727273,0.8577777777777779,-1.7511106096947968,0
Poznań,3088171,PL,Poznań,3088171,PL,1.0,1.0,1.0,-3.451871569490114,0
Przemyśl,761168,PL,Peremysjl,511400,RU,0.8235294117647058,0.7058823529411764,0.775,-8.63497622707262,0
Przemyśl,761168,PL,Pereyaslav,697637,UA,0.6666666666666667,0.5555555555555556,0.6416666666666667,-6.529547179830986,0
Przemyśl,761168,PL,Przemyślany,697692,UA,0.8421052631578947,0.8421052631578947,0.9454545454545455,-7.812309597231134,0
Przemyśl,761168,PL,Preslav,727987,BG,0.6666666666666667,0.5333333333333333,0.6904761904761904,-7.554655208376762,0
Przemyśl,761168,PL,Przemyśl,761168,PL,1.0,1.0,1.0,-5.593225484091557,0
Przygodzice k. Ostrowa Wielkopolskiego,3087847,PL,Środa Wielkopolska,3085045,PL,0.5714285714285714,0.5714285714285714,0.6449805068226121,-6.7181455308794105,0
Przygodzice k. Ostrowa Wielkopolskiego,3087847,PL,Ostrów Wielkopolski,3089684,PL,0.6666666666666667,0.631578947368421,0.6403508771929824,-5.509052115378899,0
Przygodzice k. Ostrowa Wielkopolskiego,3087847,PL,Krzyż Wielkopolski,3094408,PL,0.6071428571428572,0.5714285714285714,0.6658138401559454,-7.957418685918383,0
Przygodzice k. Ostrowa Wielkopolskiego,3087847,PL,Grodzisk Wielkopolski,3098288,PL,0.6440677966101696,0.6440677966101696,0.7095655806182122,-7.171503834471821,0
Przygodzice k. Ostrowa Wielkopolskiego,3087847,PL,Gorzów Wielkopolski,3098722,PL,0.5964912280701755,0.5614035087719298,0.6238390092879257,-4.974375691475945,0
Pécs,3046526,HU,Técső,690906,UA,0.6666666666666667,0.6666666666666667,0.7833333333333333,-7.598682702803769,0
Pécs,3046526,HU,Bécs,2761369,AT,0.75,0.75,0.8333333333333334,-2.3647743757542403,0
Pécs,3046526,HU,Pecq,2789236,BE,0.75,0.5,0.6666666666666666,-9.39332881775784,0
Pécs,3046526,HU,Pecq,3002984,FR,0.75,0.5,0.6666666666666666,-6.992647690444546,0
Pécs,3046526,HU,Pécs,3046526,HU,1.0,1.0,1.0,-4.818996169858006,0
Rybnik,3086586,PL,Rybinsk,500004,RU,0.7692307692307692,0.7692307692307692,0.9277777777777778,-4.419497768123597,0
Rybnik,3086586,PL,Rybnica,617486,MD,0.7692307692307692,0.7692307692307692,0.9095238095238095,-5.782537123345106,0
Rybnik,3086586,PL,Rymnik,668873,RO,0.8333333333333334,0.8333333333333334,0.9111111111111112,-6.146767742678288,0
Rybnik,3086586,PL,Rybí,3066537,CZ,0.8,0.6,0.825,-9.751243450979452,0
Rybnik,3086586,PL,Rybnik,3086586,PL,1.0,1.0,1.0,-4.838707847166365,0
Saarbrücken,2842647,DE,Saßmacken,454584,LV,0.6666666666666667,0.7,0.8437710437710438,-9.427943742914778,0
Saarbrücken,2842647,DE,Zweibrücken,2803620,DE,0.6363636363636364,0.6363636363636364,0.7099567099567099,-6.2364561495054085,0
Saarbrücken,2842647,DE,Staaken,2829962,DE,0.6666666666666667,0.6666666666666667,0.8207792207792207,-5.9614743384749325,0
Saarbrücken,2842647,DE,Spabrücken,2830869,DE,0.8571428571428572,0.8571428571428572,0.8821212121212121,-9.600096186379167,0
Saarbrücken,2842647,DE,Saarbrücken,2842647,DE,1.0,1.0,1.0,-4.60878783290001,0
Salgótarján,3045643,HU,Satara,1257055,IN,0.7058823529411764,0.5882352941176471,0.8101010101010101,-5.072563890718422,0
Salgótarján,3045643,HU,Sagaranten,1629261,ID,0.6666666666666667,0.5714285714285714,0.6835497835497836,-16.70588231586044,0
Salgótarján,3045643,HU,Sagara,1853280,JP,0.7058823529411764,0.5882352941176471,0.8101010101010101,-6.54299643135093,0
Salgótarján,3045643,HU,Špatrjan,2769212,AT,0.736842105263158,0.5263157894736843,0.7095959595959597,-10.188211042948163,0
Salgótarján,3045643,HU,Salgótarján,3045643,HU,1.0,1.0,1.0,-6.253464433524774,0
Salzgitter,2842150,DE,Sălişte,668153,RO,0.7058823529411764,0.5882352941176471,0.7642857142857143,-8.064526481823778,0
Salzgitter,2842150,DE,Salazie,935210,RE,0.7058823529411764,0.7058823529411764,0.8733333333333334,-7.757296394326121,0
Salzgitter,2842150,DE,Satte,1852849,JP,0.6666666666666667,0.6666666666666667,0.8666666666666667,-5.785589237360292,0
Salzgitter,2842150,DE,Salzkotten,2842131,DE,0.7,0.7,0.88,-6.596926503690109,0
Salzgitter,2842150,DE,Salzgitter,2842150,DE,1.0,1.0,1.0,-5.155015802312349,0
St. Pölten,2766429,AT,St. Helens,2150679,AU,0.7,0.7,0.8514285714285714,-9.082240369348867,0
St. Pölten,2766429,AT,St. Helens,2638785,GB,0.7,0.7,0.8514285714285714,-4.587543126137885,0
St. Pölten,2766429,AT,St. Helens,2638786,GB,0.7,0.7,0.8514285714285714,-9.604206344240994,0
St. Pölten,2766429,AT,St. Gallen,2658822,CH,0.7,0.7,0.88,-5.541479401787125,0
St. Pölten,2766429,AT,St. Pölten,2766429,AT,1.0,1.0,1.0,-6.711092604917525,0
Stuttgart,2825297,DE,Suratgarh,1255361,IN,0.6666666666666667,0.6666666666666667,0.6666666666666666,-5.652550848836785,0
Stuttgart,2825297,DE,Suntar,2015913,RU,0.6666666666666667,0.6666666666666667,0.7566666666666668,-7.641724454062337,0
Stuttgart,2825297,DE,Segart,2510974,ES,0.6666666666666667,0.6666666666666667,0.662962962962963,-11.636978113640208,0
Stuttgart,2825297,DE,Sattat,2537406,MA,0.6666666666666667,0.6666666666666667,0.7566666666666668,-4.752549399584482,0
Stuttgart,2825297,DE,Stuttgart,2825297,DE,1.0,1.0,1.0,-3.3519216211280103,0
Sulzbach,2824837,DE,Selzach,2658634,CH,0.8,0.8,0.8821428571428571,-8.733071531739034,0
Sulzbach,2824837,DE,Saalbach,2766924,AT,0.75,0.75,0.8,-9.235088541665377,0
Sulzbach,2824837,DE,Münzbach,2771023,AT,0.75,0.625,0.75,-9.756985093547126,0
Sulzbach,2824837,DE,Wurzbach,2805623,DE,0.75,0.75,0.8333333333333334,-8.446165354838916,0
Sulzbach,2824837,DE,Sulzbach,2824837,DE,1.0,1.0,1.0,-7.582080705301495,0
Szczecin,3083829,PL,Szczucin,757388,PL,0.875,0.875,0.95,-8.370930684437985,0
Szczecin,3083829,PL,Seclin,2975361,FR,0.7142857142857143,0.7142857142857143,0.7775000000000001,-7.295462332168598,0
Szczecin,3083829,PL,Szczekociny,3083814,PL,0.8421052631578947,0.8421052631578947,0.9454545454545455,-8.452133972531938,0
Szczecin,3083829,PL,Szczecinek,3083826,PL,0.8888888888888888,0.8888888888888888,0.96,-6.147546720698568,0
Szczecin,3083829,PL,Szczecin,3083829,PL,1.0,1.0,1.0,-3.7873207529815804,0
Szczecinek (woj. zachodniopomorskie),3083826,PL,Solnechnogorskoye,693218,UA,0.4528301886792453,0.4528301886792453,0.5686274509803922,-9.657495907138555,0
Szczecinek (woj. zachodniopomorskie),3083826,PL,Snezhnogorsk,795243,RU,0.45833333333333337,0.45833333333333337,0.5462962962962963,-7.31197116768987,0
Szczecinek (woj. zachodniopomorskie),3083826,PL,Snezhnogorsk,1491600,RU,0.45833333333333337,0.45833333333333337,0.5462962962962963,-9.545813108264312,0
Szczecinek (woj. zachodniopomorskie),3083826,PL,Strzelce Opolskie,3084415,PL,0.4528301886792453,0.4528301886792453,0.48867102396514167,-6.790367383111592,0
Szczecinek (woj. zachodniopomorskie),3083826,PL,Mikołajki Pomorskie,3091838,PL,0.4727272727272728,0.4727272727272728,0.602046783625731,-9.449585076169758,0
Szekszárd,3044760,HU,Szászsáros,667961,RO,0.631578947368421,0.631578947368421,0.76,-9.302821224770348,0
Szekszárd,3044760,HU,Székelykocsárd,674384,RO,0.6956521739130435,0.6956521739130435,0.8227513227513228,-8.835716369390594,0
Szekszárd,3044760,HU,Sepsibükszád,684897,RO,0.6666666666666667,0.6666666666666667,0.7654761904761904,-9.210340371976182,0
Szekszárd,3044760,HU,Szalehard,1493197,RU,0.6666666666666667,0.5555555555555556,0.762962962962963,-5.901928581797127,0
Szekszárd,3044760,HU,Szekszárd,3044760,HU,1.0,1.0,1.0,-6.266632654268289,0
Sárospatak,715867,HU,Saratak,616262,AM,0.8235294117647058,0.7058823529411764,0.8371428571428572,-9.688376172919183,0
Sárospatak,715867,HU,Verespatak,668639,RO,0.7,0.7,0.7999999999999999,-9.35536614402644,0
Sárospatak,715867,HU,Egrespatak,686632,RO,0.7,0.7,0.7999999999999999,-9.618308610302465,0
Sárospatak,715867,HU,Sărata,694812,UA,0.75,0.625,0.8,-8.349327470407014,0
Sárospatak,715867,HU,Sárospatak,715867,HU,1.0,1.0,1.0,-7.322681670879814,0
Thaleischweiler,2823137,DE,Thaleischweiler-Fröschen,2823137,DE,0.7692307692307692,0.7692307692307692,0.925,-8.54080305705537,0
Thaleischweiler,2823137,DE,Merchweiler,2871832,DE,0.6923076923076923,0.6923076923076923,0.694949494949495,-7.412672466061961,0
Thaleischweiler,2823137,DE,Eschweiler,2928963,DE,0.72,0.72,0.7222222222222222,-5.776729582412266,0
Thaleischweiler,2823137,DE,Baesweiler,2953302,DE,0.72,0.72,0.7222222222222222,-6.471832815242831,0
Thaleischweiler,2823137,DE,Bischwiller,3032544,FR,0.6923076923076923,0.6923076923076923,0.7252525252525253,-7.287796334750143,0
Tiszafüred,714772,HU,Tsovazard,616137,AM,0.631578947368421,0.631578947368421,0.7300000000000001,-9.130297664302647,0
Tiszafüred,714772,HU,Tusnádfürdő,685782,RO,0.6666666666666667,0.5714285714285714,0.604040404040404,-9.28171703481841,0
Tiszafüred,714772,HU,Tiaret,2476897,DZ,0.625,0.625,0.8222222222222222,-4.611210614923946,0
Tiszafüred,714772,HU,Tarcsafürdő,2782045,AT,0.6666666666666667,0.6666666666666667,0.7580519480519481,-10.157663213098067,0
Tiszafüred,714772,HU,Tigard,5756758,US,0.625,0.625,0.8222222222222222,-5.8613333731249435,0
Tiszakécske,714754,HU,Tiszabökény,712023,UA,0.6363636363636364,0.6363636363636364,0.8545454545454545,-9.001972106244127,0
Tiszakécske,714754,HU,Lisakovsk,1521315,KZ,0.6,0.6,0.7373737373737373,-6.1092225830768605,0
Tiszakécske,714754,HU,Biszkek,1528675,KG,0.6666666666666667,0.5555555555555556,0.7229437229437229,-2.995731162443497,0
Tiszakécske,714754,HU,Lisnaskea,2644400,GB,0.6,0.6,0.6818181818181818,-8.734796562354832,0
Tiszakécske,714754,HU,Hitzacker,2903470,DE,0.6,0.6,0.6818181818181818,-8.154480953114465,0
Trenčín,3057140,SK,Perečín,697750,UA,0.7142857142857143,0.7142857142857143,0.7428571428571429,-7.898410426145155,0
Trenčín,3057140,SK,Tiençin,1792947,CN,0.8571428571428572,0.5714285714285714,0.7428571428571429,-0.4842995529697358,0
Trenčín,3057140,SK,Tennō,1850405,JP,0.6666666666666667,0.6666666666666667,0.6761904761904761,-6.67395757414901,0
Trenčín,3057140,SK,Triengen,2658315,CH,0.6666666666666667,0.6666666666666667,0.8238095238095238,-8.364472104398574,0
Trenčín,3057140,SK,Trenčín,3057140,SK,1.0,1.0,1.0,-5.7328852142434625,0
Tuchola,3083043,PL,Suchowola,757850,PL,0.75,0.75,0.8412698412698413,-9.004229953218214,0
Tuchola,3083043,PL,Tukholma,2673730,SE,0.8,0.8,0.8952380952380953,-2.4749444378172942,0
Tuchola,3083043,PL,Taucha,2823836,DE,0.7692307692307692,0.7692307692307692,0.8642857142857143,-7.120329878947112,0
Tuchola,3083043,PL,Tula,2971482,FR,0.7272727272727273,0.7272727272727273,0.5952380952380952,-6.9666799576321665,0
Tuchola,3083043,PL,Tuchola,3083043,PL,1.0,1.0,1.0,-7.181680559649172,0
Wadersloh,2815563,DE,Waterloo,2783985,BE,0.7058823529411764,0.7058823529411764,0.8444444444444443,-6.4043235897698585,0
Wadersloh,2815563,DE,Wiesloch,2809138,DE,0.7058823529411764,0.7058823529411764,0.825,-6.516990282616588,0
Wadersloh,2815563,DE,Werpeloh,2810763,DE,0.7058823529411764,0.7058823529411764,0.825,-9.698281701908586,0
Wadersloh,2815563,DE,Waldershof,2815048,DE,0.736842105263158,0.736842105263158,0.8844444444444444,-8.264490837860484,0
Wadersloh,2815563,DE,Wadersloh,2815563,DE,1.0,1.0,1.0,-7.219881846659801,0
Warszawa,756135,PL,Kaszala,372753,SD,0.6666666666666667,0.6666666666666667,0.7797619047619048,-3.802974299513308,0
Warszawa,756135,PL,Parnawa,589580,EE,0.6666666666666667,0.6666666666666667,0.7797619047619048,-6.103538908297384,0
Warszawa,756135,PL,Wagharszapat,616062,AM,0.7,0.7,0.7793650793650795,-5.965125594003213,0
Warszawa,756135,PL,Irszawa,707559,UA,0.8,0.8,0.7023809523809524,-7.582844272287053,0
Warszawa,756135,PL,Warszawa,756135,PL,1.0,1.0,1.0,-2.3584854749586226,0
Weimar,2812482,DE,Pemar,643153,FI,0.7272727272727273,0.7272727272727273,0.8222222222222223,-7.482921912528154,0
Weimar,2812482,DE,Weipa,2144209,AU,0.7272727272727273,0.7272727272727273,0.8755555555555556,-8.757497030748539,0
Weimar,2812482,DE,Wima,2403056,SL,0.8,0.8,0.8999999999999999,-8.491958720237696,0
Weimar,2812482,DE,Wismar,2807465,DE,0.8333333333333334,0.8333333333333334,0.9,-5.985791778837447,0
Weimar,2812482,DE,Weimar,2812482,DE,1.0,1.0,1.0,-5.627933162372763,0
Wien,2761369,AT,Weifen,1788912,CN,0.8,0.8,0.825,-16.70588231586044,0
Wien,2761369,AT,Weno,2081114,FM,0.75,0.75,0.8500000000000001,-7.169336516761724,0
Wien,2761369,AT,Wiesen,2761306,AT,0.8,0.8,0.9222222222222222,-8.807842625095821,0
Wien,2761369,AT,Wies,2761326,AT,0.75,0.75,0.8833333333333334,-10.689725156162085,0
Wien,2761369,AT,Wien,2761369,AT,1.0,1.0,1.0,-2.3647743757542403,0
Wołomin 1968.03.20..,754800,PL,Wołomin,754800,PL,0.5185185185185186,0.5185185185185186,0.87,-6.198270071593503,0
Wołomin 1968.03.20..,754800,PL,Wolin,3081471,PL,0.4,0.31999999999999995,0.6666666666666666,-7.277290338650475,0
Wołomin 1968.03.20..,754800,PL,Poblado 12,3825343,MX,0.4,0.33333333333333337,0.5833333333333334,-9.397339518321248,0
Wołomin 1968.03.20..,754800,PL,Poblado 10,3825359,MX,0.4,0.33333333333333337,0.5833333333333334,-16.70588231586044,0
Wołomin 1968.03.20..,754800,PL,Wolf Point,5687028,US,0.4,0.33333333333333337,0.5222222222222221,-8.750457226947766,0
Wulkaprodersdorf,2760825,AT,Rodersdorf,2658998,CH,0.6923076923076923,0.6923076923076923,0.6726851851851853,-9.506203970169267,0
Wulkaprodersdorf,2760825,AT,Laupersdorf,2659997,CH,0.6666666666666667,0.6666666666666667,0.7113636363636364,-9.284704787265046,0
Wulkaprodersdorf,2760825,AT,Bassersdorf,2661599,CH,0.5925925925925926,0.5925925925925926,0.6174242424242424,-7.850646692653471,0
Wulkaprodersdorf,2760825,AT,Zagersdorf,2760762,AT,0.6153846153846154,0.6153846153846154,0.6416666666666667,-9.770511869845329,0
Wulkaprodersdorf,2760825,AT,Wulkaprodersdorf,2760825,AT,1.0,1.0,1.0,-9.132865059807893,0
Zgierz,3080251,PL,Fierzë,783247,AL,0.6666666666666667,0.6666666666666667,0.7777777777777777,-16.70588231586044,0
Zgierz,3080251,PL,Zinder,2437798,NE,0.6666666666666667,0.6666666666666667,0.7999999999999999,-4.0333278604163265,0
Zgierz,3080251,PL,Algier,2507480,DZ,0.6666666666666667,0.6666666666666667,0.7777777777777777,-2.0299189473901436,0
Zgierz,3080251,PL,Zizers,2657916,CH,0.6666666666666667,0.6666666666666667,0.7999999999999999,-8.696186958117517,0
Zgierz,3080251,PL,Zgierz,3080251,PL,1.0,1.0,1.0,-5.737046298688907,0
Závod,3056570,SK,Zavodské,687155,UA,0.7692307692307692,0.6153846153846154,0.7899999999999999,-8.58827156939421,0
Závod,3056570,SK,Zavodske,710532,UA,0.7692307692307692,0.6153846153846154,0.7899999999999999,-7.7397814584932005,0
Závod,3056570,SK,Zavodskoy,1537947,KZ,0.7142857142857143,0.5714285714285714,0.7733333333333333,-7.999060992467808,0
Závod,3056570,SK,Dávod,3053779,HU,0.8,0.8,0.8666666666666667,-8.991204842059512,0
Závod,3056570,SK,Zagvozd,3186876,HR,0.8333333333333334,0.6666666666666667,0.8114285714285714,-10.242852858939768,0
Złochowice (powiat Kłobuck),3080103,PL,Nowopołock,624784,BY,0.43243243243243246,0.43243243243243246,0.5102292768959436,-5.11598655053769,0
Złochowice (powiat Kłobuck),3080103,PL,Złocieniec,3080102,PL,0.43243243243243246,0.43243243243243246,0.6570987654320988,-7.207509932668187,0
Złochowice (powiat Kłobuck),3080103,PL,Prochowice,3088096,PL,0.43243243243243246,0.43243243243243246,0.6987654320987655,-8.477972478262956,0
Złochowice (powiat Kłobuck),3080103,PL,Newport (Kentucky),4302529,US,0.4444444444444444,0.4444444444444444,0.5648148148148149,-7.066685882985516,0
Złochowice (powiat Kłobuck),3080103,PL,Monroe (New York),5127302,US,0.4545454545454546,0.4545454545454546,0.5528685548293392,-7.642534967624917,0
Łopatki k. Łasku,3093902,PL,Votkinsk,471430,RU,0.5,0.5,0.6527777777777778,-5.206711007122873,0
Łopatki k. Łasku,3093902,PL,Lopatinskiy,534174,RU,0.5925925925925926,0.5185185185185186,0.6436688311688311,-7.143477612503207,0
Łopatki k. Łasku,3093902,PL,Łakinsk,537107,RU,0.5217391304347826,0.5217391304347826,0.6755952380952381,-6.98229924360266,0
Łopatki k. Łasku,3093902,PL,Liptowski Mikulasz,3059050,SK,0.5294117647058824,0.47058823529411764,0.5935185185185184,-6.357869211315552,0
Łopatki k. Łasku,3093902,PL,Saturnino M. Laspiur,3835691,AR,0.5555555555555556,0.5,0.6416666666666667,-8.957853791428063,0
Świętochłowice,3083988,PL,Śmiłowicze,621732,BY,0.6666666666666667,0.6666666666666667,0.7364285714285714,-8.149276122087366,0
Świętochłowice,3083988,PL,Wojciechowice,755421,PL,0.6666666666666667,0.5925925925925926,0.6302401302401303,-10.922057133530702,0
Świętochłowice,3083988,PL,Starachowice,758390,PL,0.6923076923076923,0.6153846153846154,0.7043650793650794,-5.813969433690956,0
Świętochłowice,3083988,PL,Michałowice,764947,PL,0.72,0.72,0.7092352092352092,-8.804875263868018,0
Świętochłowice,3083988,PL,Świętochłowice,3083988,PL,1.0,1.0,1.0,-5.779925850171994,0
Αθήνα,264371,GR,Άχνα,146767,CY,0.7272727272727273,0.4444444444444444,0.6333333333333333,-9.083218364536844,0
Αθήνα,264371,GR,Αθίενου,146768,CY,0.7142857142857143,0.5,0.6761904761904761,-8.148891654570136,0
Αθήνα,264371,GR,Ραφήνα,254425,GR,0.6153846153846154,0.5454545454545454,0.7000000000000001,-7.2992353025236385,0
Αθήνα,264371,GR,Μήθυμνα,256879,GR,0.5714285714285714,0.5,0.7071428571428572,-9.354082446802662,0
Αθήνα,264371,GR,Αθήνα,264371,GR,1.0,1.0,1.0,-3.2997741067743456,0
Kolozsvár,681290,HU,Kotlovka,506043,RU,0.7058823529411764,0.5882352941176471,0.7814814814814814,-5.639228328640699,0
Kolozsvár,681290,HU,Kozlovka,543133,RU,0.7058823529411764,0.5882352941176471,0.8,-7.338452728641481,0
Kolozsvár,681290,HU,Kozlovka,543171,RU,0.7058823529411764,0.5882352941176471,0.8,-8.590959341655847,0
Kolozsvár,681290,HU,Kozárvár,679886,RO,0.7058823529411764,0.7058823529411764,0.8444444444444443,-9.067202491984327,0
Kolozsvár,681290,HU,Kolozsvár,681290,RO,1.0,1.0,1.0,-4.040017374745967,0
Viedeň,2761369,SK,Vedeno,476252,RU,0.8333333333333334,0.6666666666666667,0.7999999999999999,-9.410825899397809,0
Viedeň,2761369,SK,Videle,662976,RO,0.6666666666666667,0.6666666666666667,0.8577777777777779,-7.328841767993258,0
Viedeň,2761369,SK,Vindeln,2662851,SE,0.7692307692307692,0.6153846153846154,0.6626984126984127,-8.92099302020534,0
Viedeň,2761369,SK,Wierden,2744549,NL,0.7692307692307692,0.6153846153846154,0.746031746031746,-6.652036981735754,0
Viedeň,2761369,SK,Viedeň,2761369,AT,1.0,1.0,1.0,-2.3647743757542403,0
